Workbook

Sheet A1-R
C2: 5198.6757 | D2: 17.159836 | E2: 70.579385 | F2: 0 | G2: 7.3711877 | H2: 5.2932954 | I2: 4.4698844 | J2: 0 | K2: 61.399319 | M2: 3.1636 | O2: 79.353371 | P2: 1.7932892
C3: 4808.4151 | D3: 14.372878 | E3: 80.516196 | F3: 5.0686639 | G3: 8.9776249 | H3: 3.4848811 | I3: 2.9214296 | J3: 0 | K3: 50.348476 | M3: 0 | O3: 75.632462 | P3: 2.2531031
C4: 7022.9009 | D4: 26.814456 | E4: 144.13253 | F4: 5.2821101 | G4: 3.9663281 | H4: 3.3045381 | I4: 2.7976007 | J4: 0 | K4: 83.72612 | M4: 4.256259 | O4: 109.77602 | P4: 2.8967495
C5: 8793.9313 | D5: 35.078452 | E5: 172.92246 | F5: 2.01508 | G5: 1.6479844 | H5: 3.8108294 | I5: 3.2321994 | J5: 0 | K5: 123.13594 | M5: 10.738219 | O5: 127.02569 | P5: 3.5402737
C6: 10633.497 | D6: 35.494524 | E6: 204.37728 | F6: 1.8142859 | G6: 0.6680156 | H6: 4.3800688 | I6: 3.7466877 | J6: 0 | K6: 153.02257 | M6: 15.751527 | O6: 150.17975 | P6: 4.1535525
C7: 14284.28 | D7: 43.167666 | E7: 272.71678 | F7: 2.546 | G7: 0.65231252 | H7: 20.422586 | I7: 15.765726 | J7: 0 | K7: 213.16498 | M7: 24.550533 | O7: 203.96536 | P7: 4.8611195
C8: 17200.53 | D8: 54.442975 | E8: 406.71977 | F8: 2.313 | G8: 0.22809374 | H8: 104.3225 | I8: 85.529678 | J8: 0 | K8: 258.72931 | M8: 33.396629 | O8: 290.28641 | P8: 5.5865539
C9: 9876.192 | D9: 39.445315 | E9: 264.10191 | F9: 0.617 | G9: 0.20381249 | H9: 96.17743 | I9: 83.429688 | J9: 0 | K9: 182.73572 | M9: 39.106087 | O9: 193.3905 | P9: 6.2866525
C10: 13669.393 | D10: 57.433384 | E10: 371.22622 | F10: 0.973 | G10: 0.138 | H10: 175.953 | I10: 157.56949 | J10: 0 | K10: 253.71295 | M10: 34.44643 | O10: 233.95615 | P10: 6.6812929
C11: 15620.974 | D11: 78.846874 | E11: 464.5282 | F11: 1.989 | G11: -6.2500003e-05 | H11: 257.45788 | I11: 233.74245 | J11: 0 | K11: 347.48077 | M11: 34.642841 | O11: 264.15646 | P11: 7.1287808
C12: 14441.914 | D12: 71.335668 | E12: 588.75869 | F12: 1.67 | G12: -0.00012500001 | H12: 367.07366 | I12: 342.65851 | J12: 0 | K12: 369.13773 | M12: 31.887974 | O12: 283.46741 | P12: 7.2757903
C13: 17027.546 | D13: 125.15226 | E13: 695.30233 | F13: 2.405 | G13: 0.33987501 | H13: 464.7146 | I13: 430.75864 | J13: 0 | K13: 511.79578 | M13: 30.163118 | O13: 354.90549 | P13: 7.8560648
... C45: 36028.578 | D45: 5742.779 | E45: 1465.7146 | F45: 1465.7146 | G45: 30.574249 | H45: 3298.4757 | I45: 2503.9617 | J45: 331.27298 | K45: 600.27191 | M45: 109.5313 | O45: 1066.0377 | P45: 601.85455

Sheet A2-R
C2: 6802.9712 | D2: 5420.9491 | E2: 2.2830785 | F2: 6.6350002 | G2: 32.637305 | H2: 195.4073 | I2: 97.943033 | J2: 2.2104489 | L2: 1.0679417 | M2: 3.5206843 | N2: 6948.7899
C3: 6300.8326 | D3: 5568.7591 | E3: 1.0085357 | F3: 8.177 | G3: 32.614494 | H3: 240.34216 | I3: 116.01256 | J3: 2.8618296 | L3: 0.70722166 | M3: 9.0736855 | N3: 6479.6049
C4: 9028.0786 | D4: 7919.7283 | E4: 0.23178826 | G4: 45.345235 | H4: 362.74734 | I4: 187.64515 | J4: 2.1048147 | L4: 0.92310287 | M4: 8.2593838 | N4: 9260.0452
C5: 11203.194 | D5: 9791.2428 | E5: 0.55077344 | G5: 93.970413 | H5: 570.16194 | I5: 278.33608 | J5: 2.8725593 | L5: 2.2264776 | M5: 15.122292 | N5: 11609.763
C6: 13275.644 | D6: 12289.718 | E6: 0.24438318 | G6: 163.14064 | H6: 633.94081 | I6: 352.1535 | J6: 2.3102667 | L6: 2.3119263 | M6: 16.344247 | N6: 13741.783
C7: 17604.916 | D7: 16189.13 | E7: 0.58612531 | G7: 126.94326 | H7: 979.9035 | I7: 508.67692 | J7: 3.0890812 | L7: 3.7040738 | M7: 13.050911 | N7: 18223.516
C8: 21585.947 | D8: 19463.898 | E8: 1.1458374 | G8: 182.76164 | H8: 1386.51 | I8: 753.60674 | J8: 5.6730727 | L8: 4.3745298 | M8: 10.322801 | N8: 22423.128
C9: 12680.957 | D9: 11587.988 | E9: 0 | G9: 80.072606 | H9: 1070.6916 | I9: 434.46268 | J9: 2.7489033 | L9: 2.6832345 | M9: 13.235873 | N9: 13415.927
C10: 17623.561 | D10: 16039.531 | E10: 0 | G10: 89.915923 | H10: 1302.8599 | I10: 638.62862 | J10: 3.8570332 | L10: 3.4285802 | M10: 13.675408 | N10: 18398.669
C11: 20035.634 | D11: 18177.465 | E11: 0 | G11: 128.36978 | H11: 1572.7745 | I11: 697.75156 | J11: 2.6198313 | L11: 2.2028036 | M11: 15.351103 | N11: 21059.201
C12: 18958.805 | D12: 17000.869 | E12: 0 | G12: 139.76924 | H12: 1748.5759 | I12: 993.71841 | J12: 3.5409811 | L12: 2.7391305 | M12: 13.290434 | N12: 19873.002
C13: 22613.15 | D13: 20371.551 | E13: 1.0857746 | G13: 93.581647 | H13: 1949.3564 | I13: 1095.0882 | J13: 5.0490814 | L13: 3.5894029 | M13: 18.487402 | N13: 23589.212
C14: 27076.818 | D14: 24445.349 | E14: 1.4647493 | G14: 178.34813 | H14: 2349.7255 | I14: 1314.4147 | J14: 6.3273158 | L14: 5.4663526 | M14: 19.050408 | N14: 28322.786
C15: 28604.832 | D15: 25342.885 | E15: 1.3808761 | G15: 209.28467 | H15: 2489.6165 | I15: 1779.2439 | J15: 6.1306146 | L15: 6.9371986 | M15: 30.5851 | N15: 29569.523
... C22: 52554.721 | D22: 45391.644 | E22: 1.5172395 | G22: 1269.5053 | H22: 5822.738 | I22: 4406.982 | J22: 3.3764239 | L22: 8.0845683 | M22: 77.604352 | N22: 55330.565
D23: 37023.367
C25: 8509.0789 | D25: 7520.7379 | E25: 2.2807022 | F25: 258.29599 | G25: 210.4557 | H25: 391.797 | I25: 391.797 | J25: 1.1484773 | L25: 1.4936776 | M25: 382.566 | N25: 9365.3195
C26: 10482.845 | D26: 9413.2236 | E26: 1.8749717 | F26: 318.30801 | G26: 156.42574 | H26: 454.48 | I26: 454.48 | J26: 1.1346837 | L26: 1.3447108 | M26: 435.675 | N26: 11397.608
C27: 13434.164 | D27: 12114.176 | E27: 2.363625 | G27: 222.97055 | H27: 518.47228 | I27: 499.818 | J27: 2.014623 | L27: 2.0130266 | M27: 506.101 | N27: 14188.281
C28: 16440.243 | D28: 14838.362 | E28: 4.0013471 | G28: 143.77008 | H28: 656.91394 | I28: 530.608 | J28: 2.3840961 | L28: 2.5557808 | M28: 554.747 | N28: 17274.007
C29: 17465.862 | D29: 16488.467 | E29: 1.9390303 | G29: 159.31471 | H29: 712.14125 | I29: 547.234 | J29: 2.2988565 | L29: 4.0639765 | M29: 544.039 | N29: 18342.425
C30: 21403.025 | D30: 20003.57 | E30: 2.9148101 | G30: 219.09978 | H30: 911.49494 | I30: 881.86 | J30: 3.2548757 | L30: 5.2651053 | M30: 586.383 | N30: 22249.578
C31: 25875.97 | D31: 24020.448 | E31: 4.162766 | G31: 141.69571 | H31: 1194.283 | I31: 1194.283 | J31: 9.1411292 | L31: 9.6514794 | M31: 659.547 | N31: 26700.168
C32: 25581.763 | D32: 23867.621 | E32: 1.4851708 | G32: 42.24877 | H32: 1147.633 | I32: 1147.633 | J32: 6.9574892 | L32: 5.1767251 | M32: 660.692 | N32: 26298.323
C33: 28165.679 | D33: 26438.12 | E33: 2.9481984 | G33: 107.91007 | H33: 1151.602 | I33: 1151.602 | J33: 10.61739 | L33: 6.9276562 | M33: 811.149 | N33: 29105.232
C34: 28898.471 | D34: 27174.727 | E34: 0 | G34: 94.811915 | H34: 1158.849 | I34: 1158.849 | J34: 8.3718796 | L34: 10.838717 | M34: 902.939 | N34: 29915.433
C35: 29995.176 | D35: 28289.641 | E35: 1.0429255 | G35: 71.529612 | H35: 1147.242 | I35: 1147.242 | J35: 5.5015135 | L35: 5.8571572 | M35: 1060.449 | N35: 31139.557
C36: 32363.914 | D36: 30511.894 | E36: 1.875265 | G36: 154.15006 | H36: 1211.411 | I36: 1211.411 | J36: 12.72633 | L36: 9.0725745 | M36: 1281.519 | N36: 33823.257
C37: 32913.196 | D37: 30869.262 | E37: 1.8576926 | G37: 193.91492 | H37: 1257.789 | I37: 1257.789 | J37: 11.43142 | L37: 10.971254 | M37: 1440.566 | N37: 34571.937
C38: 33617.042 | D38: 31541.408 | E38: 1.0523769 | G38: 187.69512 | H38: 1319.599 | I38: 1319.599 | J38: 5.4652964 | L38: 6.7092097 | M38: 1449 | N38: 35266.964
... C45: 42342.473 | D45: 38448.992 | E45: 1.3597035 | G45: 510.99076 | H45: 2659.824 | I45: 2659.824 | J45: 5.1687252 | L45: 9.3411395 | M45: 2059.159 | N45: 44928.492
D46: 33652.462

Sheet A3-R
F2: 303.31964 | G2: 84.33815 | H2: 175.63174 | I2: 413.60461 | J2: 42.068657 | K2: 117.03397
F3: 364.59225 | G3: 112.87301 | H3: 227.42738 | I3: 293.25351 | J3: 31.912188 | K3: 106.9258
F4: 478.39481 | G4: 160.79092 | H4: 320.76511 | I4: 311.69812 | J4: 55.035686 | K4: 118.13469
F5: 571.60248 | G5: 273.77545 | H5: 388.08972 | I5: 347.74661 | J5: 72.117813 | K5: 124.21206
F6: 728.93909 | G6: 263.08215 | H6: 446.27399 | I6: 262.91501 | J6: 146.05644 | K6: 121.30297
F7: 827.29865 | G7: 441.81699 | H7: 546.60254 | I7: 170.63225 | J7: 138.58949 | K7: 119.04031
F8: 1028.1111 | G8: 591.2868 | H8: 722.3645 | I8: 199.92474 | J8: 162.79124 | K8: 105.69937
F9: 894.38324 | G9: 594.92755 | H9: 636.21649 | I9: 173.55937 | J9: 52.683376 | K9: 114.80497
F10: 1067.8893 | G10: 622.81293 | H10: 778.14227 | I10: 279.86099 | J10: 111.81775 | K10: 143.85362
F11: 1071.1337 | G11: 813.41083 | H11: 921.20978 | I11: 409.53574 | J11: 132.28888 | K11: 173.41812
F12: 1062.9266 | G12: 677.02197 | H12: 947.823 | I12: 548.98499 | J12: 91.680496 | K12: 142.828
F13: 1213.9836 | G13: 770.1554 | H13: 1067.8364 | I13: 643.62128 | J13: 92.689934 | K13: 273.01086
... F45: 171.53349 | G45: 1411.3458 | H45: 55.332188 | I45: 1176.4449 | J45: 401.72501 | K45: -24.547625

Sheet A1-S
C2: 5198.6757 | D2: 17.159836 | E2: 70.579385 | F2: 0 | G2: 7.3711877 | H2: 5.2932954 | I2: 4.4698844 | J2: 0 | K2: 61.399319 | M2: 3.1636 | O2: 79.353371 | P2: 1.7932892
C3: 4808.4151 | D3: 14.372878 | E3: 80.516196 | F3: 5.0686639 | G3: 8.9776249 | H3: 3.4848811 | I3: 2.9214296 | J3: 0 | K3: 50.348476 | M3: 0 | O3: 75.632462 | P3: 2.2531031
C4: 7022.9009 | D4: 26.814456 | E4: 144.13253 | F4: 5.2821101 | G4: 3.9663281 | H4: 3.3045381 | I4: 2.7976007 | J4: 0 | K4: 83.72612 | M4: 4.256259 | O4: 109.77602 | P4: 2.8967495
C5: 8793.9313 | D5: 35.078452 | E5: 172.92246 | F5: 2.01508 | G5: 1.6479844 | H5: 3.8108294 | I5: 3.2321994 | J5: 0 | K5: 123.13594 | M5: 10.738219 | O5: 127.02569 | P5: 3.5402737
C6: 10633.497 | D6: 35.494524 | E6: 204.37728 | F6: 1.8142859 | G6: 0.6680156 | H6: 4.3800688 | I6: 3.7466877 | J6: 0 | K6: 153.02257 | M6: 15.751527 | O6: 150.17975 | P6: 4.1535525
C7: 14284.28 | D7: 43.167666 | E7: 272.71678 | F7: 2.546 | G7: 0.65231252 | H7: 20.422586 | I7: 15.765726 | J7: 0 | K7: 213.16498 | M7: 24.550533 | O7: 203.96536 | P7: 4.8611195
C8: 17200.53 | D8: 54.442975 | E8: 406.71977 | F8: 2.313 | G8: 0.22809374 | H8: 104.3225 | I8: 85.529678 | J8: 0 | K8: 258.72931 | M8: 33.396629 | O8: 290.28641 | P8: 5.5865539
C9: 9876.192 | D9: 39.445315 | E9: 264.10191 | F9: 0.617 | G9: 0.20381249 | H9: 96.17743 | I9: 83.429688 | J9: 0 | K9: 182.73572 | M9: 39.106087 | O9: 193.3905 | P9: 6.2866525
C10: 13669.393 | D10: 57.433384 | E10: 371.22622 | F10: 0.973 | G10: 0.138 | H10: 175.953 | I10: 157.56949 | J10: 0 | K10: 253.71295 | M10: 34.44643 | O10: 233.95615 | P10: 6.6812929
C11: 15620.974 | D11: 78.846874 | E11: 464.5282 | F11: 1.989 | G11: -6.2500003e-05 | H11: 257.45788 | I11: 233.74245 | J11: 0 | K11: 347.48077 | M11: 34.642841 | O11: 264.15646 | P11: 7.1287808
C12: 14441.914 | D12: 71.335668 | E12: 588.75869 | F12: 1.67 | G12: -0.00012500001 | H12: 367.07366 | I12: 342.65851 | J12: 0 | K12: 369.13773 | M12: 31.887974 | O12: 283.46741 | P12: 7.2757903
C13: 17027.546 | D13: 125.15226 | E13: 695.30233 | F13: 2.405 | G13: 0.33987501 | H13: 464.7146 | I13: 430.75864 | J13: 0 | K13: 511.79578 | M13: 30.163118 | O13: 354.90549 | P13: 7.8560648
... C45: 36028.578 | D45: 5742.779 | E45: 1465.7146 | F45: 1465.7146 | G45: 30.574249 | H45: 3298.4757 | I45: 2503.9617 | J45: 331.27298 | K45: 600.27191 | M45: 109.5313 | O45: 1066.0377 | P45: 601.85455

Sheet A2-S
C2: 6802.9712 | D2: 5420.9491 | E2: 2.2830785 | F2: 6.6350002 | G2: 32.637305 | H2: 195.4073 | I2: 97.943033 | J2: 2.2104489 | L2: 1.0679417 | M2: 3.5206843 | N2: 6948.7899
C3: 6300.8326 | D3: 5568.7591 | E3: 1.0085357 | F3: 8.177 | G3: 32.614494 | H3: 240.34216 | I3: 116.01256 | J3: 2.8618296 | L3: 0.70722166 | M3: 9.0736855 | N3: 6479.6049
C4: 9028.0786 | D4: 7919.7283 | E4: 0.23178826 | G4: 45.345235 | H4: 362.74734 | I4: 187.64515 | J4: 2.1048147 | L4: 0.92310287 | M4: 8.2593838 | N4: 9260.0452
C5: 11203.194 | D5: 9791.2428 | E5: 0.55077344 | G5: 93.970413 | H5: 570.16194 | I5: 278.33608 | J5: 2.8725593 | L5: 2.2264776 | M5: 15.122292 | N5: 11609.763
C6: 13275.644 | D6: 12289.718 | E6: 0.24438318 | G6: 163.14064 | H6: 633.94081 | I6: 352.1535 | J6: 2.3102667 | L6: 2.3119263 | M6: 16.344247 | N6: 13741.783
C7: 17604.916 | D7: 16189.13 | E7: 0.58612531 | G7: 126.94326 | H7: 979.9035 | I7: 508.67692 | J7: 3.0890812 | L7: 3.7040738 | M7: 13.050911 | N7: 18223.516
C8: 21585.947 | D8: 19463.898 | E8: 1.1458374 | G8: 182.76164 | H8: 1386.51 | I8: 753.60674 | J8: 5.6730727 | L8: 4.3745298 | M8: 10.322801 | N8: 22423.128
C9: 12680.957 | D9: 11587.988 | E9: 0 | G9: 80.072606 | H9: 1070.6916 | I9: 434.46268 | J9: 2.7489033 | L9: 2.6832345 | M9: 13.235873 | N9: 13415.927
C10: 17623.561 | D10: 16039.531 | E10: 0 | G10: 89.915923 | H10: 1302.8599 | I10: 638.62862 | J10: 3.8570332 | L10: 3.4285802 | M10: 13.675408 | N10: 18398.669
C11: 20035.634 | D11: 18177.465 | E11: 0 | G11: 128.36978 | H11: 1572.7745 | I11: 697.75156 | J11: 2.6198313 | L11: 2.2028036 | M11: 15.351103 | N11: 21059.201
C12: 18958.805 | D12: 17000.869 | E12: 0 | G12: 139.76924 | H12: 1748.5759 | I12: 993.71841 | J12: 3.5409811 | L12: 2.7391305 | M12: 13.290434 | N12: 19873.002
C13: 22613.15 | D13: 20371.551 | E13: 1.0857746 | G13: 93.581647 | H13: 1949.3564 | I13: 1095.0882 | J13: 5.0490814 | L13: 3.5894029 | M13: 18.487402 | N13: 23589.212
C14: 27076.818 | D14: 24445.349 | E14: 1.4647493 | G14: 178.34813 | H14: 2349.7255 | I14: 1314.4147 | J14: 6.3273158 | L14: 5.4663526 | M14: 19.050408 | N14: 28322.786
C15: 28604.832 | D15: 25342.885 | E15: 1.3808761 | G15: 209.28467 | H15: 2489.6165 | I15: 1779.2439 | J15: 6.1306146 | L15: 6.9371986 | M15: 30.5851 | N15: 29569.523
... C22: 52554.721 | D22: 45391.644 | E22: 1.5172395 | G22: 1269.5053 | H22: 5822.738 | I22: 4406.982 | J22: 3.3764239 | L22: 8.0845683 | M22: 77.604352 | N22: 55330.565
D23: 37023.367
C25: 8509.0789 | D25: 7520.7379 | E25: 2.2807022 | F25: 258.29599 | G25: 210.4557 | H25: 391.797 | I25: 391.797 | J25: 1.1484773 | L25: 1.4936776 | M25: 382.566 | N25: 9365.3195
C26: 10482.845 | D26: 9413.2236 | E26: 1.8749717 | F26: 318.30801 | G26: 156.42574 | H26: 454.48 | I26: 454.48 | J26: 1.1346837 | L26: 1.3447108 | M26: 435.675 | N26: 11397.608
C27: 13434.164 | D27: 12114.176 | E27: 2.363625 | G27: 222.97055 | H27: 518.47228 | I27: 499.818 | J27: 2.014623 | L27: 2.0130266 | M27: 506.101 | N27: 14188.281
C28: 16440.243 | D28: 14838.362 | E28: 4.0013471 | G28: 143.77008 | H28: 656.91394 | I28: 530.608 | J28: 2.3840961 | L28: 2.5557808 | M28: 554.747 | N28: 17274.007
C29: 17465.862 | D29: 16488.467 | E29: 1.9390303 | G29: 159.31471 | H29: 712.14125 | I29: 547.234 | J29: 2.2988565 | L29: 4.0639765 | M29: 544.039 | N29: 18342.425
C30: 21403.025 | D30: 20003.57 | E30: 2.9148101 | G30: 219.09978 | H30: 911.49494 | I30: 881.86 | J30: 3.2548757 | L30: 5.2651053 | M30: 586.383 | N30: 22249.578
C31: 25875.97 | D31: 24020.448 | E31: 4.162766 | G31: 141.69571 | H31: 1194.283 | I31: 1194.283 | J31: 9.1411292 | L31: 9.6514794 | M31: 659.547 | N31: 26700.168
C32: 25581.763 | D32: 23867.621 | E32: 1.4851708 | G32: 42.24877 | H32: 1147.633 | I32: 1147.633 | J32: 6.9574892 | L32: 5.1767251 | M32: 660.692 | N32: 26298.323
C33: 28165.679 | D33: 26438.12 | E33: 2.9481984 | G33: 107.91007 | H33: 1151.602 | I33: 1151.602 | J33: 10.61739 | L33: 6.9276562 | M33: 811.149 | N33: 29105.232
C34: 28898.471 | D34: 27174.727 | E34: 0 | G34: 94.811915 | H34: 1158.849 | I34: 1158.849 | J34: 8.3718796 | L34: 10.838717 | M34: 902.939 | N34: 29915.433
C35: 29995.176 | D35: 28289.641 | E35: 1.0429255 | G35: 71.529612 | H35: 1147.242 | I35: 1147.242 | J35: 5.5015135 | L35: 5.8571572 | M35: 1060.449 | N35: 31139.557
C36: 32363.914 | D36: 30511.894 | E36: 1.875265 | G36: 154.15006 | H36: 1211.411 | I36: 1211.411 | J36: 12.72633 | L36: 9.0725745 | M36: 1281.519 | N36: 33823.257
C37: 32913.196 | D37: 30869.262 | E37: 1.8576926 | G37: 193.91492 | H37: 1257.789 | I37: 1257.789 | J37: 11.43142 | L37: 10.971254 | M37: 1440.566 | N37: 34571.937
C38: 33617.042 | D38: 31541.408 | E38: 1.0523769 | G38: 187.69512 | H38: 1319.599 | I38: 1319.599 | J38: 5.4652964 | L38: 6.7092097 | M38: 1449 | N38: 35266.964
... C45: 42342.473 | D45: 38448.992 | E45: 1.3597035 | G45: 510.99076 | H45: 2659.824 | I45: 2659.824 | J45: 5.1687252 | L45: 9.3411395 | M45: 2059.159 | N45: 44928.492

Sheet A3-S
F2: 303.31964 | G2: 84.33815 | H2: 175.63174 | I2: 413.60461 | J2: 42.068657 | K2: 117.03397
F3: 364.59225 | G3: 112.87301 | H3: 227.42738 | I3: 293.25351 | J3: 31.912188 | K3: 106.9258
F4: 478.39481 | G4: 160.79092 | H4: 320.76511 | I4: 311.69812 | J4: 55.035686 | K4: 118.13469
F5: 571.60248 | G5: 273.77545 | H5: 388.08972 | I5: 347.74661 | J5: 72.117813 | K5: 124.21206
F6: 728.93909 | G6: 263.08215 | H6: 446.27399 | I6: 262.91501 | J6: 146.05644 | K6: 121.30297
F7: 827.29865 | G7: 441.81699 | H7: 546.60254 | I7: 170.63225 | J7: 138.58949 | K7: 119.04031
F8: 1028.1111 | G8: 591.2868 | H8: 722.3645 | I8: 199.92474 | J8: 162.79124 | K8: 105.69937
F9: 894.38324 | G9: 594.92755 | H9: 636.21649 | I9: 173.55937 | J9: 52.683376 | K9: 114.80497
F10: 1067.8893 | G10: 622.81293 | H10: 778.14227 | I10: 279.86099 | J10: 111.81775 | K10: 143.85362
F11: 1071.1337 | G11: 813.41083 | H11: 921.20978 | I11: 409.53574 | J11: 132.28888 | K11: 173.41812
F12: 1062.9266 | G12: 677.02197 | H12: 947.823 | I12: 548.98499 | J12: 91.680496 | K12: 142.828
F13: 1213.9836 | G13: 770.1554 | H13: 1067.8364 | I13: 643.62128 | J13: 92.689934 | K13: 273.01086
... F45: 171.53349 | G45: 1411.3458 | H45: 55.332188 | I45: 1176.4449 | J45: 401.72501 | K45: -24.547625

Sheet comp-A1
C2: ='A1-S'!C2-'A1-R'!C2 -> 0 | D2: ='A1-S'!D2-'A1-R'!D2 -> 0 | E2: ='A1-S'!E2-'A1-R'!E2 -> 0 | F2: ='A1-S'!F2-'A1-R'!F2 -> 0 | G2: ='A1-S'!G2-'A1-R'!G2 -> 0 | H2: ='A1-S'!H2-'A1-R'!H2 -> 0 | I2: ='A1-S'!I2-'A1-R'!I2 -> 0 | J2: ='A1-S'!J2-'A1-R'!J2 -> 0 | K2: ='A1-S'!K2-'A1-R'!K2 -> 0 | M2: ='A1-S'!M2-'A1-R'!M2 -> 0 | O2: ='A1-S'!O2-'A1-R'!O2 -> 0 | P2: ='A1-S'!P2-'A1-R'!P2 -> 0
C3: ='A1-S'!C3-'A1-R'!C3 -> 0 | D3: ='A1-S'!D3-'A1-R'!D3 -> 0 | E3: ='A1-S'!E3-'A1-R'!E3 -> 0 | F3: ='A1-S'!F3-'A1-R'!F3 -> 0 | G3: ='A1-S'!G3-'A1-R'!G3 -> 0 | H3: ='A1-S'!H3-'A1-R'!H3 -> 0 | I3: ='A1-S'!I3-'A1-R'!I3 -> 0 | J3: ='A1-S'!J3-'A1-R'!J3 -> 0 | K3: ='A1-S'!K3-'A1-R'!K3 -> 0 | M3: ='A1-S'!M3-'A1-R'!M3 -> 0 | O3: ='A1-S'!O3-'A1-R'!O3 -> 0 | P3: ='A1-S'!P3-'A1-R'!P3 -> 0
C4: ='A1-S'!C4-'A1-R'!C4 -> 0 | D4: ='A1-S'!D4-'A1-R'!D4 -> 0 | E4: ='A1-S'!E4-'A1-R'!E4 -> 0 | F4: ='A1-S'!F4-'A1-R'!F4 -> 0 | G4: ='A1-S'!G4-'A1-R'!G4 -> 0 | H4: ='A1-S'!H4-'A1-R'!H4 -> 0 | I4: ='A1-S'!I4-'A1-R'!I4 -> 0 | J4: ='A1-S'!J4-'A1-R'!J4 -> 0 | K4: ='A1-S'!K4-'A1-R'!K4 -> 0 | M4: ='A1-S'!M4-'A1-R'!M4 -> 0 | O4: ='A1-S'!O4-'A1-R'!O4 -> 0 | P4: ='A1-S'!P4-'A1-R'!P4 -> 0
C5: ='A1-S'!C5-'A1-R'!C5 -> 0 | D5: ='A1-S'!D5-'A1-R'!D5 -> 0 | E5: ='A1-S'!E5-'A1-R'!E5 -> 0 | F5: ='A1-S'!F5-'A1-R'!F5 -> 0 | G5: ='A1-S'!G5-'A1-R'!G5 -> 0 | H5: ='A1-S'!H5-'A1-R'!H5 -> 0 | I5: ='A1-S'!I5-'A1-R'!I5 -> 0 | J5: ='A1-S'!J5-'A1-R'!J5 -> 0 | K5: ='A1-S'!K5-'A1-R'!K5 -> 0 | M5: ='A1-S'!M5-'A1-R'!M5 -> 0 | O5: ='A1-S'!O5-'A1-R'!O5 -> 0 | P5: ='A1-S'!P5-'A1-R'!P5 -> 0
C6: ='A1-S'!C6-'A1-R'!C6 -> 0 | D6: ='A1-S'!D6-'A1-R'!D6 -> 0 | E6: ='A1-S'!E6-'A1-R'!E6 -> 0 | F6: ='A1-S'!F6-'A1-R'!F6 -> 0 | G6: ='A1-S'!G6-'A1-R'!G6 -> 0 | H6: ='A1-S'!H6-'A1-R'!H6 -> 0 | I6: ='A1-S'!I6-'A1-R'!I6 -> 0 | J6: ='A1-S'!J6-'A1-R'!J6 -> 0 | K6: ='A1-S'!K6-'A1-R'!K6 -> 0 | M6: ='A1-S'!M6-'A1-R'!M6 -> 0 | O6: ='A1-S'!O6-'A1-R'!O6 -> 0 | P6: ='A1-S'!P6-'A1-R'!P6 -> 0
C7: ='A1-S'!C7-'A1-R'!C7 -> 0 | D7: ='A1-S'!D7-'A1-R'!D7 -> 0 | E7: ='A1-S'!E7-'A1-R'!E7 -> 0 | F7: ='A1-S'!F7-'A1-R'!F7 -> 0 | G7: ='A1-S'!G7-'A1-R'!G7 -> 0 | H7: ='A1-S'!H7-'A1-R'!H7 -> 0 | I7: ='A1-S'!I7-'A1-R'!I7 -> 0 | J7: ='A1-S'!J7-'A1-R'!J7 -> 0 | K7: ='A1-S'!K7-'A1-R'!K7 -> 0 | M7: ='A1-S'!M7-'A1-R'!M7 -> 0 | O7: ='A1-S'!O7-'A1-R'!O7 -> 0 | P7: ='A1-S'!P7-'A1-R'!P7 -> 0
C8: ='A1-S'!C8-'A1-R'!C8 -> 0 | D8: ='A1-S'!D8-'A1-R'!D8 -> 0 | E8: ='A1-S'!E8-'A1-R'!E8 -> 0 | F8: ='A1-S'!F8-'A1-R'!F8 -> 0 | G8: ='A1-S'!G8-'A1-R'!G8 -> 0 | H8: ='A1-S'!H8-'A1-R'!H8 -> 0 | I8: ='A1-S'!I8-'A1-R'!I8 -> 0 | J8: ='A1-S'!J8-'A1-R'!J8 -> 0 | K8: ='A1-S'!K8-'A1-R'!K8 -> 0 | M8: ='A1-S'!M8-'A1-R'!M8 -> 0 | O8: ='A1-S'!O8-'A1-R'!O8 -> 0 | P8: ='A1-S'!P8-'A1-R'!P8 -> 0
C9: ='A1-S'!C9-'A1-R'!C9 -> 0 | D9: ='A1-S'!D9-'A1-R'!D9 -> 0 | E9: ='A1-S'!E9-'A1-R'!E9 -> 0 | F9: ='A1-S'!F9-'A1-R'!F9 -> 0 | G9: ='A1-S'!G9-'A1-R'!G9 -> 0 | H9: ='A1-S'!H9-'A1-R'!H9 -> 0 | I9: ='A1-S'!I9-'A1-R'!I9 -> 0 | J9: ='A1-S'!J9-'A1-R'!J9 -> 0 | K9: ='A1-S'!K9-'A1-R'!K9 -> 0 | M9: ='A1-S'!M9-'A1-R'!M9 -> 0 | O9: ='A1-S'!O9-'A1-R'!O9 -> 0 | P9: ='A1-S'!P9-'A1-R'!P9 -> 0
C10: ='A1-S'!C10-'A1-R'!C10 -> 0 | D10: ='A1-S'!D10-'A1-R'!D10 -> 0 | E10: ='A1-S'!E10-'A1-R'!E10 -> 0 | F10: ='A1-S'!F10-'A1-R'!F10 -> 0 | G10: ='A1-S'!G10-'A1-R'!G10 -> 0 | H10: ='A1-S'!H10-'A1-R'!H10 -> 0 | I10: ='A1-S'!I10-'A1-R'!I10 -> 0 | J10: ='A1-S'!J10-'A1-R'!J10 -> 0 | K10: ='A1-S'!K10-'A1-R'!K10 -> 0 | M10: ='A1-S'!M10-'A1-R'!M10 -> 0 | O10: ='A1-S'!O10-'A1-R'!O10 -> 0 | P10: ='A1-S'!P10-'A1-R'!P10 -> 0
C11: ='A1-S'!C11-'A1-R'!C11 -> 0 | D11: ='A1-S'!D11-'A1-R'!D11 -> 0 | E11: ='A1-S'!E11-'A1-R'!E11 -> 0 | F11: ='A1-S'!F11-'A1-R'!F11 -> 0 | G11: ='A1-S'!G11-'A1-R'!G11 -> 0 | H11: ='A1-S'!H11-'A1-R'!H11 -> 0 | I11: ='A1-S'!I11-'A1-R'!I11 -> 0 | J11: ='A1-S'!J11-'A1-R'!J11 -> 0 | K11: ='A1-S'!K11-'A1-R'!K11 -> 0 | M11: ='A1-S'!M11-'A1-R'!M11 -> 0 | O11: ='A1-S'!O11-'A1-R'!O11 -> 0 | P11: ='A1-S'!P11-'A1-R'!P11 -> 0
C12: ='A1-S'!C12-'A1-R'!C12 -> 0 | D12: ='A1-S'!D12-'A1-R'!D12 -> 0 | E12: ='A1-S'!E12-'A1-R'!E12 -> 0 | F12: ='A1-S'!F12-'A1-R'!F12 -> 0 | G12: ='A1-S'!G12-'A1-R'!G12 -> 0 | H12: ='A1-S'!H12-'A1-R'!H12 -> 0 | I12: ='A1-S'!I12-'A1-R'!I12 -> 0 | J12: ='A1-S'!J12-'A1-R'!J12 -> 0 | K12: ='A1-S'!K12-'A1-R'!K12 -> 0 | M12: ='A1-S'!M12-'A1-R'!M12 -> 0 | O12: ='A1-S'!O12-'A1-R'!O12 -> 0 | P12: ='A1-S'!P12-'A1-R'!P12 -> 0
C13: ='A1-S'!C13-'A1-R'!C13 -> 0 | D13: ='A1-S'!D13-'A1-R'!D13 -> 0 | E13: ='A1-S'!E13-'A1-R'!E13 -> 0 | F13: ='A1-S'!F13-'A1-R'!F13 -> 0 | G13: ='A1-S'!G13-'A1-R'!G13 -> 0 | H13: ='A1-S'!H13-'A1-R'!H13 -> 0 | I13: ='A1-S'!I13-'A1-R'!I13 -> 0 | J13: ='A1-S'!J13-'A1-R'!J13 -> 0 | K13: ='A1-S'!K13-'A1-R'!K13 -> 0 | M13: ='A1-S'!M13-'A1-R'!M13 -> 0 | O13: ='A1-S'!O13-'A1-R'!O13 -> 0 | P13: ='A1-S'!P13-'A1-R'!P13 -> 0
... C45: ='A1-S'!C45-'A1-R'!C45 -> 0 | D45: ='A1-S'!D45-'A1-R'!D45 -> 0 | E45: ='A1-S'!E45-'A1-R'!E45 -> 0 | F45: ='A1-S'!F45-'A1-R'!F45 -> 0 | G45: ='A1-S'!G45-'A1-R'!G45 -> 0 | H45: ='A1-S'!H45-'A1-R'!H45 -> 0 | I45: ='A1-S'!I45-'A1-R'!I45 -> 0 | J45: ='A1-S'!J45-'A1-R'!J45 -> 0 | K45: ='A1-S'!K45-'A1-R'!K45 -> 0 | M45: ='A1-S'!M45-'A1-R'!M45 -> 0 | O45: ='A1-S'!O45-'A1-R'!O45 -> 0 | P45: ='A1-S'!P45-'A1-R'!P45 -> 0

Sheet comp-A2
C2: ='A2-R'!C2-'A2-S'!C2 -> 0 | D2: ='A2-R'!D2-'A2-S'!D2 -> 0 | E2: ='A2-R'!E2-'A2-S'!E2 -> 0 | F2: ='A2-R'!F2-'A2-S'!F2 -> 0 | G2: ='A2-R'!G2-'A2-S'!G2 -> 0 | H2: ='A2-R'!H2-'A2-S'!H2 -> 0 | I2: ='A2-R'!I2-'A2-S'!I2 -> 0 | J2: ='A2-R'!J2-'A2-S'!J2 -> 0 | L2: ='A2-R'!L2-'A2-S'!L2 -> 0 | M2: ='A2-R'!M2-'A2-S'!M2 -> 0 | N2: ='A2-R'!N2-'A2-S'!N2 -> 0
C3: ='A2-R'!C3-'A2-S'!C3 -> 0 | D3: ='A2-R'!D3-'A2-S'!D3 -> 0 | E3: ='A2-R'!E3-'A2-S'!E3 -> 0 | F3: ='A2-R'!F3-'A2-S'!F3 -> 0 | G3: ='A2-R'!G3-'A2-S'!G3 -> 0 | H3: ='A2-R'!H3-'A2-S'!H3 -> 0 | I3: ='A2-R'!I3-'A2-S'!I3 -> 0 | J3: ='A2-R'!J3-'A2-S'!J3 -> 0 | L3: ='A2-R'!L3-'A2-S'!L3 -> 0 | M3: ='A2-R'!M3-'A2-S'!M3 -> 0 | N3: ='A2-R'!N3-'A2-S'!N3 -> 0
C4: ='A2-R'!C4-'A2-S'!C4 -> 0 | D4: ='A2-R'!D4-'A2-S'!D4 -> 0 | E4: ='A2-R'!E4-'A2-S'!E4 -> 0 | G4: ='A2-R'!G4-'A2-S'!G4 -> 0 | H4: ='A2-R'!H4-'A2-S'!H4 -> 0 | I4: ='A2-R'!I4-'A2-S'!I4 -> 0 | J4: ='A2-R'!J4-'A2-S'!J4 -> 0 | L4: ='A2-R'!L4-'A2-S'!L4 -> 0 | M4: ='A2-R'!M4-'A2-S'!M4 -> 0 | N4: ='A2-R'!N4-'A2-S'!N4 -> 0
C5: ='A2-R'!C5-'A2-S'!C5 -> 0 | D5: ='A2-R'!D5-'A2-S'!D5 -> 0 | E5: ='A2-R'!E5-'A2-S'!E5 -> 0 | G5: ='A2-R'!G5-'A2-S'!G5 -> 0 | H5: ='A2-R'!H5-'A2-S'!H5 -> 0 | I5: ='A2-R'!I5-'A2-S'!I5 -> 0 | J5: ='A2-R'!J5-'A2-S'!J5 -> 0 | L5: ='A2-R'!L5-'A2-S'!L5 -> 0 | M5: ='A2-R'!M5-'A2-S'!M5 -> 0 | N5: ='A2-R'!N5-'A2-S'!N5 -> 0
C6: ='A2-R'!C6-'A2-S'!C6 -> 0 | D6: ='A2-R'!D6-'A2-S'!D6 -> 0 | E6: ='A2-R'!E6-'A2-S'!E6 -> 0 | G6: ='A2-R'!G6-'A2-S'!G6 -> 0 | H6: ='A2-R'!H6-'A2-S'!H6 -> 0 | I6: ='A2-R'!I6-'A2-S'!I6 -> 0 | J6: ='A2-R'!J6-'A2-S'!J6 -> 0 | L6: ='A2-R'!L6-'A2-S'!L6 -> 0 | M6: ='A2-R'!M6-'A2-S'!M6 -> 0 | N6: ='A2-R'!N6-'A2-S'!N6 -> 0
C7: ='A2-R'!C7-'A2-S'!C7 -> 0 | D7: ='A2-R'!D7-'A2-S'!D7 -> 0 | E7: ='A2-R'!E7-'A2-S'!E7 -> 0 | G7: ='A2-R'!G7-'A2-S'!G7 -> 0 | H7: ='A2-R'!H7-'A2-S'!H7 -> 0 | I7: ='A2-R'!I7-'A2-S'!I7 -> 0 | J7: ='A2-R'!J7-'A2-S'!J7 -> 0 | L7: ='A2-R'!L7-'A2-S'!L7 -> 0 | M7: ='A2-R'!M7-'A2-S'!M7 -> 0 | N7: ='A2-R'!N7-'A2-S'!N7 -> 0
C8: ='A2-R'!C8-'A2-S'!C8 -> 0 | D8: ='A2-R'!D8-'A2-S'!D8 -> 0 | E8: ='A2-R'!E8-'A2-S'!E8 -> 0 | G8: ='A2-R'!G8-'A2-S'!G8 -> 0 | H8: ='A2-R'!H8-'A2-S'!H8 -> 0 | I8: ='A2-R'!I8-'A2-S'!I8 -> 0 | J8: ='A2-R'!J8-'A2-S'!J8 -> 0 | L8: ='A2-R'!L8-'A2-S'!L8 -> 0 | M8: ='A2-R'!M8-'A2-S'!M8 -> 0 | N8: ='A2-R'!N8-'A2-S'!N8 -> 0
C9: ='A2-R'!C9-'A2-S'!C9 -> 0 | D9: ='A2-R'!D9-'A2-S'!D9 -> 0 | E9: ='A2-R'!E9-'A2-S'!E9 -> 0 | G9: ='A2-R'!G9-'A2-S'!G9 -> 0 | H9: ='A2-R'!H9-'A2-S'!H9 -> 0 | I9: ='A2-R'!I9-'A2-S'!I9 -> 0 | J9: ='A2-R'!J9-'A2-S'!J9 -> 0 | L9: ='A2-R'!L9-'A2-S'!L9 -> 0 | M9: ='A2-R'!M9-'A2-S'!M9 -> 0 | N9: ='A2-R'!N9-'A2-S'!N9 -> 0
C10: ='A2-R'!C10-'A2-S'!C10 -> 0 | D10: ='A2-R'!D10-'A2-S'!D10 -> 0 | E10: ='A2-R'!E10-'A2-S'!E10 -> 0 | G10: ='A2-R'!G10-'A2-S'!G10 -> 0 | H10: ='A2-R'!H10-'A2-S'!H10 -> 0 | I10: ='A2-R'!I10-'A2-S'!I10 -> 0 | J10: ='A2-R'!J10-'A2-S'!J10 -> 0 | L10: ='A2-R'!L10-'A2-S'!L10 -> 0 | M10: ='A2-R'!M10-'A2-S'!M10 -> 0 | N10: ='A2-R'!N10-'A2-S'!N10 -> 0
C11: ='A2-R'!C11-'A2-S'!C11 -> 0 | D11: ='A2-R'!D11-'A2-S'!D11 -> 0 | E11: ='A2-R'!E11-'A2-S'!E11 -> 0 | G11: ='A2-R'!G11-'A2-S'!G11 -> 0 | H11: ='A2-R'!H11-'A2-S'!H11 -> 0 | I11: ='A2-R'!I11-'A2-S'!I11 -> 0 | J11: ='A2-R'!J11-'A2-S'!J11 -> 0 | L11: ='A2-R'!L11-'A2-S'!L11 -> 0 | M11: ='A2-R'!M11-'A2-S'!M11 -> 0 | N11: ='A2-R'!N11-'A2-S'!N11 -> 0
C12: ='A2-R'!C12-'A2-S'!C12 -> 0 | D12: ='A2-R'!D12-'A2-S'!D12 -> 0 | E12: ='A2-R'!E12-'A2-S'!E12 -> 0 | G12: ='A2-R'!G12-'A2-S'!G12 -> 0 | H12: ='A2-R'!H12-'A2-S'!H12 -> 0 | I12: ='A2-R'!I12-'A2-S'!I12 -> 0 | J12: ='A2-R'!J12-'A2-S'!J12 -> 0 | L12: ='A2-R'!L12-'A2-S'!L12 -> 0 | M12: ='A2-R'!M12-'A2-S'!M12 -> 0 | N12: ='A2-R'!N12-'A2-S'!N12 -> 0
C13: ='A2-R'!C13-'A2-S'!C13 -> 0 | D13: ='A2-R'!D13-'A2-S'!D13 -> 0 | E13: ='A2-R'!E13-'A2-S'!E13 -> 0 | G13: ='A2-R'!G13-'A2-S'!G13 -> 0 | H13: ='A2-R'!H13-'A2-S'!H13 -> 0 | I13: ='A2-R'!I13-'A2-S'!I13 -> 0 | J13: ='A2-R'!J13-'A2-S'!J13 -> 0 | L13: ='A2-R'!L13-'A2-S'!L13 -> 0 | M13: ='A2-R'!M13-'A2-S'!M13 -> 0 | N13: ='A2-R'!N13-'A2-S'!N13 -> 0
C14: ='A2-R'!C14-'A2-S'!C14 -> 0 | D14: ='A2-R'!D14-'A2-S'!D14 -> 0 | E14: ='A2-R'!E14-'A2-S'!E14 -> 0 | G14: ='A2-R'!G14-'A2-S'!G14 -> 0 | H14: ='A2-R'!H14-'A2-S'!H14 -> 0 | I14: ='A2-R'!I14-'A2-S'!I14 -> 0 | J14: ='A2-R'!J14-'A2-S'!J14 -> 0 | L14: ='A2-R'!L14-'A2-S'!L14 -> 0 | M14: ='A2-R'!M14-'A2-S'!M14 -> 0 | N14: ='A2-R'!N14-'A2-S'!N14 -> 0
C15: ='A2-R'!C15-'A2-S'!C15 -> 0 | D15: ='A2-R'!D15-'A2-S'!D15 -> 0 | E15: ='A2-R'!E15-'A2-S'!E15 -> 0 | G15: ='A2-R'!G15-'A2-S'!G15 -> 0 | H15: ='A2-R'!H15-'A2-S'!H15 -> 0 | I15: ='A2-R'!I15-'A2-S'!I15 -> 0 | J15: ='A2-R'!J15-'A2-S'!J15 -> 0 | L15: ='A2-R'!L15-'A2-S'!L15 -> 0 | M15: ='A2-R'!M15-'A2-S'!M15 -> 0 | N15: ='A2-R'!N15-'A2-S'!N15 -> 0
... C22: ='A2-R'!C22-'A2-S'!C22 -> 0 | D22: ='A2-R'!D22-'A2-S'!D22 -> 0 | E22: ='A2-R'!E22-'A2-S'!E22 -> 0 | G22: ='A2-R'!G22-'A2-S'!G22 -> 0 | H22: ='A2-R'!H22-'A2-S'!H22 -> 0 | I22: ='A2-R'!I22-'A2-S'!I22 -> 0 | J22: ='A2-R'!J22-'A2-S'!J22 -> 0 | L22: ='A2-R'!L22-'A2-S'!L22 -> 0 | M22: ='A2-R'!M22-'A2-S'!M22 -> 0 | N22: ='A2-R'!N22-'A2-S'!N22 -> 0
D23: ='A2-R'!D23-'A2-S'!D23 -> 0
C25: ='A2-R'!C25-'A2-S'!C25 -> 0 | D25: ='A2-R'!D25-'A2-S'!D25 -> 0 | E25: ='A2-R'!E25-'A2-S'!E25 -> 0 | G25: ='A2-R'!G25-'A2-S'!G25 -> 0 | H25: ='A2-R'!H25-'A2-S'!H25 -> 0 | I25: ='A2-R'!I25-'A2-S'!I25 -> 0 | J25: ='A2-R'!J25-'A2-S'!J25 -> 0 | L25: ='A2-R'!L25-'A2-S'!L25 -> 0 | M25: ='A2-R'!M25-'A2-S'!M25 -> 0 | N25: ='A2-R'!N25-'A2-S'!N25 -> 0
C26: ='A2-R'!C26-'A2-S'!C26 -> 0 | D26: ='A2-R'!D26-'A2-S'!D26 -> 0 | E26: ='A2-R'!E26-'A2-S'!E26 -> 0 | G26: ='A2-R'!G26-'A2-S'!G26 -> 0 | H26: ='A2-R'!H26-'A2-S'!H26 -> 0 | I26: ='A2-R'!I26-'A2-S'!I26 -> 0 | J26: ='A2-R'!J26-'A2-S'!J26 -> 0 | L26: ='A2-R'!L26-'A2-S'!L26 -> 0 | M26: ='A2-R'!M26-'A2-S'!M26 -> 0 | N26: ='A2-R'!N26-'A2-S'!N26 -> 0
C27: ='A2-R'!C27-'A2-S'!C27 -> 0 | D27: ='A2-R'!D27-'A2-S'!D27 -> 0 | E27: ='A2-R'!E27-'A2-S'!E27 -> 0 | G27: ='A2-R'!G27-'A2-S'!G27 -> 0 | H27: ='A2-R'!H27-'A2-S'!H27 -> 0 | I27: ='A2-R'!I27-'A2-S'!I27 -> 0 | J27: ='A2-R'!J27-'A2-S'!J27 -> 0 | L27: ='A2-R'!L27-'A2-S'!L27 -> 0 | M27: ='A2-R'!M27-'A2-S'!M27 -> 0 | N27: ='A2-R'!N27-'A2-S'!N27 -> 0
C28: ='A2-R'!C28-'A2-S'!C28 -> 0 | D28: ='A2-R'!D28-'A2-S'!D28 -> 0 | E28: ='A2-R'!E28-'A2-S'!E28 -> 0 | G28: ='A2-R'!G28-'A2-S'!G28 -> 0 | H28: ='A2-R'!H28-'A2-S'!H28 -> 0 | I28: ='A2-R'!I28-'A2-S'!I28 -> 0 | J28: ='A2-R'!J28-'A2-S'!J28 -> 0 | L28: ='A2-R'!L28-'A2-S'!L28 -> 0 | M28: ='A2-R'!M28-'A2-S'!M28 -> 0 | N28: ='A2-R'!N28-'A2-S'!N28 -> 0
C29: ='A2-R'!C29-'A2-S'!C29 -> 0 | D29: ='A2-R'!D29-'A2-S'!D29 -> 0 | E29: ='A2-R'!E29-'A2-S'!E29 -> 0 | G29: ='A2-R'!G29-'A2-S'!G29 -> 0 | H29: ='A2-R'!H29-'A2-S'!H29 -> 0 | I29: ='A2-R'!I29-'A2-S'!I29 -> 0 | J29: ='A2-R'!J29-'A2-S'!J29 -> 0 | L29: ='A2-R'!L29-'A2-S'!L29 -> 0 | M29: ='A2-R'!M29-'A2-S'!M29 -> 0 | N29: ='A2-R'!N29-'A2-S'!N29 -> 0
C30: ='A2-R'!C30-'A2-S'!C30 -> 0 | D30: ='A2-R'!D30-'A2-S'!D30 -> 0 | E30: ='A2-R'!E30-'A2-S'!E30 -> 0 | G30: ='A2-R'!G30-'A2-S'!G30 -> 0 | H30: ='A2-R'!H30-'A2-S'!H30 -> 0 | I30: ='A2-R'!I30-'A2-S'!I30 -> 0 | J30: ='A2-R'!J30-'A2-S'!J30 -> 0 | L30: ='A2-R'!L30-'A2-S'!L30 -> 0 | M30: ='A2-R'!M30-'A2-S'!M30 -> 0 | N30: ='A2-R'!N30-'A2-S'!N30 -> 0
C31: ='A2-R'!C31-'A2-S'!C31 -> 0 | D31: ='A2-R'!D31-'A2-S'!D31 -> 0 | E31: ='A2-R'!E31-'A2-S'!E31 -> 0 | G31: ='A2-R'!G31-'A2-S'!G31 -> 0 | H31: ='A2-R'!H31-'A2-S'!H31 -> 0 | I31: ='A2-R'!I31-'A2-S'!I31 -> 0 | J31: ='A2-R'!J31-'A2-S'!J31 -> 0 | L31: ='A2-R'!L31-'A2-S'!L31 -> 0 | M31: ='A2-R'!M31-'A2-S'!M31 -> 0 | N31: ='A2-R'!N31-'A2-S'!N31 -> 0
C32: ='A2-R'!C32-'A2-S'!C32 -> 0 | D32: ='A2-R'!D32-'A2-S'!D32 -> 0 | E32: ='A2-R'!E32-'A2-S'!E32 -> 0 | G32: ='A2-R'!G32-'A2-S'!G32 -> 0 | H32: ='A2-R'!H32-'A2-S'!H32 -> 0 | I32: ='A2-R'!I32-'A2-S'!I32 -> 0 | J32: ='A2-R'!J32-'A2-S'!J32 -> 0 | L32: ='A2-R'!L32-'A2-S'!L32 -> 0 | M32: ='A2-R'!M32-'A2-S'!M32 -> 0 | N32: ='A2-R'!N32-'A2-S'!N32 -> 0
C33: ='A2-R'!C33-'A2-S'!C33 -> 0 | D33: ='A2-R'!D33-'A2-S'!D33 -> 0 | E33: ='A2-R'!E33-'A2-S'!E33 -> 0 | G33: ='A2-R'!G33-'A2-S'!G33 -> 0 | H33: ='A2-R'!H33-'A2-S'!H33 -> 0 | I33: ='A2-R'!I33-'A2-S'!I33 -> 0 | J33: ='A2-R'!J33-'A2-S'!J33 -> 0 | L33: ='A2-R'!L33-'A2-S'!L33 -> 0 | M33: ='A2-R'!M33-'A2-S'!M33 -> 0 | N33: ='A2-R'!N33-'A2-S'!N33 -> 0
C34: ='A2-R'!C34-'A2-S'!C34 -> 0 | D34: ='A2-R'!D34-'A2-S'!D34 -> 0 | E34: ='A2-R'!E34-'A2-S'!E34 -> 0 | G34: ='A2-R'!G34-'A2-S'!G34 -> 0 | H34: ='A2-R'!H34-'A2-S'!H34 -> 0 | I34: ='A2-R'!I34-'A2-S'!I34 -> 0 | J34: ='A2-R'!J34-'A2-S'!J34 -> 0 | L34: ='A2-R'!L34-'A2-S'!L34 -> 0 | M34: ='A2-R'!M34-'A2-S'!M34 -> 0 | N34: ='A2-R'!N34-'A2-S'!N34 -> 0
C35: ='A2-R'!C35-'A2-S'!C35 -> 0 | D35: ='A2-R'!D35-'A2-S'!D35 -> 0 | E35: ='A2-R'!E35-'A2-S'!E35 -> 0 | G35: ='A2-R'!G35-'A2-S'!G35 -> 0 | H35: ='A2-R'!H35-'A2-S'!H35 -> 0 | I35: ='A2-R'!I35-'A2-S'!I35 -> 0 | J35: ='A2-R'!J35-'A2-S'!J35 -> 0 | L35: ='A2-R'!L35-'A2-S'!L35 -> 0 | M35: ='A2-R'!M35-'A2-S'!M35 -> 0 | N35: ='A2-R'!N35-'A2-S'!N35 -> 0
C36: ='A2-R'!C36-'A2-S'!C36 -> 0 | D36: ='A2-R'!D36-'A2-S'!D36 -> 0 | E36: ='A2-R'!E36-'A2-S'!E36 -> 0 | G36: ='A2-R'!G36-'A2-S'!G36 -> 0 | H36: ='A2-R'!H36-'A2-S'!H36 -> 0 | I36: ='A2-R'!I36-'A2-S'!I36 -> 0 | J36: ='A2-R'!J36-'A2-S'!J36 -> 0 | L36: ='A2-R'!L36-'A2-S'!L36 -> 0 | M36: ='A2-R'!M36-'A2-S'!M36 -> 0 | N36: ='A2-R'!N36-'A2-S'!N36 -> 0
... C45: ='A2-R'!C45-'A2-S'!C45 -> 0 | D45: ='A2-R'!D45-'A2-S'!D45 -> 0 | E45: ='A2-R'!E45-'A2-S'!E45 -> 0 | G45: ='A2-R'!G45-'A2-S'!G45 -> 0 | H45: ='A2-R'!H45-'A2-S'!H45 -> 0 | I45: ='A2-R'!I45-'A2-S'!I45 -> 0 | J45: ='A2-R'!J45-'A2-S'!J45 -> 0 | L45: ='A2-R'!L45-'A2-S'!L45 -> 0 | M45: ='A2-R'!M45-'A2-S'!M45 -> 0 | N45: ='A2-R'!N45-'A2-S'!N45 -> 0

Sheet comp-A3
F2: ='A3-R'!F2-'A3-S'!F2 -> 0 | G2: ='A3-R'!G2-'A3-S'!G2 -> 0 | H2: ='A3-R'!H2-'A3-S'!H2 -> 0 | I2: ='A3-R'!I2-'A3-S'!I2 -> 0 | J2: ='A3-R'!J2-'A3-S'!J2 -> 0 | K2: ='A3-R'!K2-'A3-S'!K2 -> 0
F3: ='A3-R'!F3-'A3-S'!F3 -> 0 | G3: ='A3-R'!G3-'A3-S'!G3 -> 0 | H3: ='A3-R'!H3-'A3-S'!H3 -> 0 | I3: ='A3-R'!I3-'A3-S'!I3 -> 0 | J3: ='A3-R'!J3-'A3-S'!J3 -> 0 | K3: ='A3-R'!K3-'A3-S'!K3 -> 0
F4: ='A3-R'!F4-'A3-S'!F4 -> 0 | G4: ='A3-R'!G4-'A3-S'!G4 -> 0 | H4: ='A3-R'!H4-'A3-S'!H4 -> 0 | I4: ='A3-R'!I4-'A3-S'!I4 -> 0 | J4: ='A3-R'!J4-'A3-S'!J4 -> 0 | K4: ='A3-R'!K4-'A3-S'!K4 -> 0
F5: ='A3-R'!F5-'A3-S'!F5 -> 0 | G5: ='A3-R'!G5-'A3-S'!G5 -> 0 | H5: ='A3-R'!H5-'A3-S'!H5 -> 0 | I5: ='A3-R'!I5-'A3-S'!I5 -> 0 | J5: ='A3-R'!J5-'A3-S'!J5 -> 0 | K5: ='A3-R'!K5-'A3-S'!K5 -> 0
F6: ='A3-R'!F6-'A3-S'!F6 -> 0 | G6: ='A3-R'!G6-'A3-S'!G6 -> 0 | H6: ='A3-R'!H6-'A3-S'!H6 -> 0 | I6: ='A3-R'!I6-'A3-S'!I6 -> 0 | J6: ='A3-R'!J6-'A3-S'!J6 -> 0 | K6: ='A3-R'!K6-'A3-S'!K6 -> 0
F7: ='A3-R'!F7-'A3-S'!F7 -> 0 | G7: ='A3-R'!G7-'A3-S'!G7 -> 0 | H7: ='A3-R'!H7-'A3-S'!H7 -> 0 | I7: ='A3-R'!I7-'A3-S'!I7 -> 0 | J7: ='A3-R'!J7-'A3-S'!J7 -> 0 | K7: ='A3-R'!K7-'A3-S'!K7 -> 0
F8: ='A3-R'!F8-'A3-S'!F8 -> 0 | G8: ='A3-R'!G8-'A3-S'!G8 -> 0 | H8: ='A3-R'!H8-'A3-S'!H8 -> 0 | I8: ='A3-R'!I8-'A3-S'!I8 -> 0 | J8: ='A3-R'!J8-'A3-S'!J8 -> 0 | K8: ='A3-R'!K8-'A3-S'!K8 -> 0
F9: ='A3-R'!F9-'A3-S'!F9 -> 0 | G9: ='A3-R'!G9-'A3-S'!G9 -> 0 | H9: ='A3-R'!H9-'A3-S'!H9 -> 0 | I9: ='A3-R'!I9-'A3-S'!I9 -> 0 | J9: ='A3-R'!J9-'A3-S'!J9 -> 0 | K9: ='A3-R'!K9-'A3-S'!K9 -> 0
F10: ='A3-R'!F10-'A3-S'!F10 -> 0 | G10: ='A3-R'!G10-'A3-S'!G10 -> 0 | H10: ='A3-R'!H10-'A3-S'!H10 -> 0 | I10: ='A3-R'!I10-'A3-S'!I10 -> 0 | J10: ='A3-R'!J10-'A3-S'!J10 -> 0 | K10: ='A3-R'!K10-'A3-S'!K10 -> 0
F11: ='A3-R'!F11-'A3-S'!F11 -> 0 | G11: ='A3-R'!G11-'A3-S'!G11 -> 0 | H11: ='A3-R'!H11-'A3-S'!H11 -> 0 | I11: ='A3-R'!I11-'A3-S'!I11 -> 0 | J11: ='A3-R'!J11-'A3-S'!J11 -> 0 | K11: ='A3-R'!K11-'A3-S'!K11 -> 0
F12: ='A3-R'!F12-'A3-S'!F12 -> 0 | G12: ='A3-R'!G12-'A3-S'!G12 -> 0 | H12: ='A3-R'!H12-'A3-S'!H12 -> 0 | I12: ='A3-R'!I12-'A3-S'!I12 -> 0 | J12: ='A3-R'!J12-'A3-S'!J12 -> 0 | K12: ='A3-R'!K12-'A3-S'!K12 -> 0
F13: ='A3-R'!F13-'A3-S'!F13 -> 0 | G13: ='A3-R'!G13-'A3-S'!G13 -> 0 | H13: ='A3-R'!H13-'A3-S'!H13 -> 0 | I13: ='A3-R'!I13-'A3-S'!I13 -> 0 | J13: ='A3-R'!J13-'A3-S'!J13 -> 0 | K13: ='A3-R'!K13-'A3-S'!K13 -> 0
... F45: ='A3-R'!F45-'A3-S'!F45 -> 0 | G45: ='A3-R'!G45-'A3-S'!G45 -> 0 | H45: ='A3-R'!H45-'A3-S'!H45 -> 0 | I45: ='A3-R'!I45-'A3-S'!I45 -> 0 | J45: ='A3-R'!J45-'A3-S'!J45 -> 0 | K45: ='A3-R'!K45-'A3-S'!K45 -> 0
